2.00E-08,1.69898E+15,1.90234E+15,1.72235E+15,1.92571E+15,1.81294E+15,2.01631E+15,1.90234E+15,1.72234E+15,1.92571E+15,1.81294E+15,2.01631E+15,1.92796E+15,2.01856E+15,1.92796E+15,2.01856E+15,1.3815E+15,1.4721E+15,1.3815E+15,1.4721E+15,1.90238E+15,1.90238E+15,1.90463E+15,1.35818E+15,2.01567E+15,2.01567E+15,2.01792E+15,1.47146E+15
2.01E-08,1.70166E+15,1.90424E+15,1.72472E+15,1.9273E+15,1.81856E+15,2.02114E+15,1.90424E+15,1.72472E+15,1.9273E+15,1.81856E+15,2.02114E+15,1.92968E+15,2.02352E+15,1.92968E+15,2.02352E+15,1.40665E+15,1.50049E+15,1.40665E+15,1.50049E+15,1.90428E+15,1.90428E+15,1.90666E+15,1.38364E+15,2.02043E+15,2.02043E+15,2.0228E+15,1.49978E+15
2.02E-08,1.70443E+15,1.90617E+15,1.72714E+15,1.92888E+15,1.82386E+15,2.0256E+15,1.90617E+15,1.72714E+15,1.92888E+15,1.82386E+15,2.0256E+15,1.9314E+15,2.02811E+15,1.93139E+15,2.02811E+15,1.43091E+15,1.52763E+15,1.43091E+15,1.52763E+15,1.90621E+15,1.90621E+15,1.90873E+15,1.40824E+15,2.0248E+15,2.0248E+15,2.02731E+15,1.52683E+15
2.03E-08,1.70727E+15,1.90813E+15,1.72959E+15,1.93045E+15,1.82877E+15,2.02963E+15,1.90813E+15,1.72959E+15,1.93045E+15,1.82877E+15,2.02963E+15,1.9331E+15,2.03228E+15,1.9331E+15,2.03228E+15,1.45431E+15,1.55349E+15,1.45431E+15,1.55349E+15,1.90817E+15,1.90817E+15,1.91082E+15,1.43203E+15,2.02872E+15,2.02872E+15,2.03137E+15,1.55258E+15
2.04E-08,1.71019E+15,1.91011E+15,1.73209E+15,1.932E+15,1.83325E+15,2.03317E+15,1.91011E+15,1.73209E+15,1.932E+15,1.83325E+15,2.03317E+15,1.9348E+15,2.03596E+15,1.9348E+15,2.03596E+15,1.47686E+15,1.57803E+15,1.47686E+15,1.57803E+15,1.91016E+15,1.91016E+15,1.91295E+15,1.45502E+15,2.03214E+15,2.03214E+15,2.03493E+15,1.577E+15
2.05E-08,1.7132E+15,1.91212E+15,1.73462E+15,1.93353E+15,1.83723E+15,2.03615E+15,1.91212E+15,1.73462E+15,1.93353E+15,1.83723E+15,2.03615E+15,1.93648E+15,2.03909E+15,1.93647E+15,2.03909E+15,1.4986E+15,1.60121E+15,1.4986E+15,1.60121E+15,1.91217E+15,1.91217E+15,1.91511E+15,1.47724E+15,2.03497E+15,2.03497E+15,2.03791E+15,1.60004E+15
2.06E-08,1.71629E+15,1.91414E+15,1.73718E+15,1.93504E+15,1.84064E+15,2.03849E+15,1.91414E+15,1.73718E+15,1.93504E+15,1.84063E+15,2.03849E+15,1.93814E+15,2.04159E+15,1.93814E+15,2.04159E+15,1.51955E+15,1.623E+15,1.51955E+15,1.623E+15,1.9142E+15,1.9142E+15,1.9173E+15,1.49871E+15,2.03715E+15,2.03715E+15,2.04024E+15,1.62165E+15
2.07E-08,1.71946E+15,1.9162E+15,1.73979E+15,1.93652E+15,1.84342E+15,2.04016E+15,1.9162E+15,1.73979E+15,1.93652E+15,1.84342E+15,2.04016E+15,1.93978E+15,2.04341E+15,1.93977E+15,2.04341E+15,1.53973E+15,1.64336E+15,1.53973E+15,1.64336E+15,1.91626E+15,1.91626E+15,1.91951E+15,1.51946E+15,2.03861E+15,2.03861E+15,2.04186E+15,1.64181E+15
2.08E-08,1.72272E+15,1.91826E+15,1.74243E+15,1.93797E+15,1.84554E+15,2.04109E+15,1.91826E+15,1.74243E+15,1.93797E+15,1.84554E+15,2.04109E+15,1.94139E+15,2.0445E+15,1.94139E+15,2.0445E+15,1.55916E+15,1.66227E+15,1.55916E+15,1.66227E+15,1.91833E+15,1.91833E+15,1.92175E+15,1.53951E+15,2.0393E+15,2.0393E+15,2.04272E+15,1.66048E+15
2.09E-08,1.72606E+15,1.92035E+15,1.7451E+15,1.93939E+15,1.847E+15,2.0413E+15,1.92035E+15,1.7451E+15,1.93939E+15,1.847E+15,2.0413E+15,1.94298E+15,2.04488E+15,1.94298E+15,2.04488E+15,1.57786E+15,1.67976E+15,1.57786E+15,1.67976E+15,1.92043E+15,1.92043E+15,1.92401E+15,1.55889E+15,2.03922E+15,2.03922E+15,2.04281E+15,1.67769E+15
2.10E-08,1.72949E+15,1.92246E+15,1.7478E+15,1.94076E+15,1.84785E+15,2.04081E+15,1.92246E+15,1.7478E+15,1.94076E+15,1.84785E+15,2.04081E+15,1.94452E+15,2.04457E+15,1.94452E+15,2.04457E+15,1.59584E+15,1.69589E+15,1.59584E+15,1.69589E+15,1.92254E+15,1.92254E+15,1.92629E+15,1.57761E+15,2.0384E+15,2.0384E+15,2.04215E+15,1.69347E+15
2.11E-08,1.73302E+15,1.92458E+15,1.75052E+15,1.94209E+15,1.84815E+15,2.03971E+15,1.92458E+15,1.75052E+15,1.94208E+15,1.84815E+15,2.03971E+15,1.94601E+15,2.04364E+15,1.94601E+15,2.04364E+15,1.61313E+15,1.71076E+15,1.61313E+15,1.71076E+15,1.92466E+15,1.92466E+15,1.92859E+15,1.59571E+15,2.03689E+15,2.03689E+15,2.04082E+15,1.70794E+15
2.12E-08,1.73663E+15,1.92672E+15,1.75327E+15,1.94335E+15,1.84803E+15,2.03811E+15,1.92672E+15,1.75327E+15,1.94335E+15,1.84803E+15,2.03811E+15,1.94746E+15,2.04222E+15,1.94746E+15,2.04222E+15,1.62973E+15,1.72449E+15,1.62973E+15,1.72449E+15,1.92681E+15,1.92681E+15,1.93091E+15,1.61319E+15,2.03482E+15,2.03482E+15,2.03892E+15,1.7212E+15
2.13E-08,1.74034E+15,1.92887E+15,1.75605E+15,1.94458E+15,1.84764E+15,2.03618E+15,1.92887E+15,1.75604E+15,1.94458E+15,1.84764E+15,2.03618E+15,1.94887E+15,2.04046E+15,1.94887E+15,2.04046E+15,1.64569E+15,1.73729E+15,1.64569E+15,1.73729E+15,1.92897E+15,1.92897E+15,1.93325E+15,1.63008E+15,2.03232E+15,2.03232E+15,2.03661E+15,1.73343E+15
2.14E-08,1.74406E+15,1.93104E+15,1.75879E+15,1.94577E+15,1.84706E+15,2.03403E+15,1.93104E+15,1.75879E+15,1.94576E+15,1.84706E+15,2.03403E+15,1.95024E+15,2.03851E+15,1.95024E+15,2.03851E+15,1.66103E+15,1.7493E+15,1.66103E+15,1.7493E+15,1.93114E+15,1.93114E+15,1.93561E+15,1.6464E+15,2.02953E+15,2.02953E+15,2.034E+15,1.74479E+15
2.15E-08,1.74734E+15,1.93261E+15,1.76167E+15,1.94693E+15,1.84658E+15,2.03185E+15,1.93261E+15,1.76167E+15,1.94693E+15,1.84658E+15,2.03185E+15,1.95159E+15,2.03651E+15,1.95159E+15,2.03651E+15,1.67578E+15,1.76069E+15,1.67578E+15,1.76069E+15,1.93333E+15,1.93333E+15,1.93798E+15,1.66217E+15,2.02661E+15,2.02661E+15,2.03127E+15,1.75546E+15
2.15E-08,1.74734E+15,1.93261E+15,1.76167E+15,1.94693E+15,1.84658E+15,2.03185E+15,1.93261E+15,1.76167E+15,1.94693E+15,1.84658E+15,2.03185E+15,1.95159E+15,2.03651E+15,1.95159E+15,2.03651E+15,1.67578E+15,1.76069E+15,1.67578E+15,1.76069E+15,1.93333E+15,1.93333E+15,1.93798E+15,1.66217E+15,2.02661E+15,2.02661E+15,2.03127E+15,1.75546E+15
2.16E-08,1.75193E+15,1.93541E+15,1.76462E+15,1.94811E+15,1.84626E+15,2.02975E+15,1.93541E+15,1.76462E+15,1.94811E+15,1.84626E+15,2.02975E+15,1.95295E+15,2.03459E+15,1.95295E+15,2.03459E+15,1.68999E+15,1.77163E+15,1.68999E+15,1.77163E+15,1.93553E+15,1.93553E+15,1.94037E+15,1.67741E+15,2.02369E+15,2.02369E+15,2.02854E+15,1.76558E+15
2.17E-08,1.75598E+15,1.93761E+15,1.76722E+15,1.94885E+15,1.84639E+15,2.02802E+15,1.93761E+15,1.76722E+15,1.94885E+15,1.84639E+15,2.02802E+15,1.95388E+15,2.03305E+15,1.95388E+15,2.03305E+15,1.70325E+15,1.78241E+15,1.70325E+15,1.78241E+15,1.93717E+15,1.93717E+15,1.9422E+15,1.69156E+15,2.02104E+15,2.02104E+15,2.02608E+15,1.77544E+15
2.18E-08,1.76013E+15,1.93983E+15,1.77087E+15,1.95057E+15,1.84652E+15,2.02622E+15,1.93983E+15,1.77087E+15,1.95057E+15,1.84652E+15,2.02622E+15,1.95579E+15,2.03144E+15,1.95579E+15,2.03144E+15,1.71697E+15,1.79263E+15,1.71697E+15,1.79262E+15,1.93996E+15,1.93996E+15,1.94518E+15,1.70636E+15,2.01833E+15,2.01833E+15,2.02355E+15,1.78474E+15
2.19E-08,1.76435E+15,1.94205E+15,1.7742E+15,1.9519E+15,1.84723E+15,2.02493E+15,1.94205E+15,1.7742E+15,1.9519E+15,1.84723E+15,2.02493E+15,1.95731E+15,2.03034E+15,1.9573E+15,2.03034E+15,1.72982E+15,1.80285E+15,1.72981E+15,1.80285E+15,1.94219E+15,1.94219E+15,1.9476E+15,1.72011E+15,2.01606E+15,2.01606E+15,2.02147E+15,1.79398E+15
2.20E-08,1.76864E+15,1.94428E+15,1.77767E+15,1.95331E+15,1.84836E+15,2.024E+15,1.94428E+15,1.77767E+15,1.95331E+15,1.84836E+15,2.024E+15,1.9589E+15,2.02959E+15,1.9589E+15,2.02959E+15,1.74227E+15,1.81296E+15,1.74227E+15,1.81296E+15,1.94444E+15,1.94444E+15,1.95003E+15,1.73339E+15,2.01414E+15,2.01414E+15,2.01973E+15,1.8031E+15
2.21E-08,1.77301E+15,1.94653E+15,1.78129E+15,1.95481E+15,1.84992E+15,2.02344E+15,1.94653E+15,1.78129E+15,1.95481E+15,1.84992E+15,2.02344E+15,1.96058E+15,2.02921E+15,1.96058E+15,2.02921E+15,1.75435E+15,1.82298E+15,1.75435E+15,1.82298E+15,1.94669E+15,1.94669E+15,1.95247E+15,1.74623E+15,2.0126E+15,2.0126E+15,2.01838E+15,1.81214E+15
2.22E-08,1.77744E+15,1.94879E+15,1.78505E+15,1.9564E+15,1.85189E+15,2.02323E+15,1.94879E+15,1.78505E+15,1.95639E+15,1.85189E+15,2.02323E+15,1.96234E+15,2.02918E+15,1.96234E+15,2.02918E+15,1.76607E+15,1.83291E+15,1.76607E+15,1.83291E+15,1.94896E+15,1.94896E+15,1.95491E+15,1.75864E+15,2.01145E+15,2.01145E+15,2.0174E+15,1.82113E+15
2.23E-08,1.78193E+15,1.95105E+15,1.78894E+15,1.95806E+15,1.85424E+15,2.02336E+15,1.95105E+15,1.78894E+15,1.95806E+15,1.85424E+15,2.02336E+15,1.96418E+15,2.02948E+15,1.96418E+15,2.02948E+15,1.77745E+15,1.84275E+15,1.77745E+15,1.84275E+15,1.95124E+15,1.95124E+15,1.95736E+15,1.77063E+15,2.01069E+15,2.01069E+15,2.01682E+15,1.83008E+15
2.24E-08,1.78647E+15,1.95333E+15,1.79294E+15,1.9598E+15,1.85693E+15,2.02379E+15,1.95333E+15,1.79294E+15,1.9598E+15,1.85693E+15,2.02379E+15,1.96609E+15,2.03008E+15,1.96609E+15,2.03008E+15,1.78849E+15,1.85248E+15,1.78849E+15,1.85248E+15,1.95353E+15,1.95353E+15,1.95982E+15,1.78222E+15,2.0103E+15,2.0103E+15,2.01659E+15,1.83899E+15
2.25E-08,1.7932E+15,1.95561E+15,1.7992E+15,1.96161E+15,1.86209E+15,2.02451E+15,1.95561E+15,1.7992E+15,1.96161E+15,1.86209E+15,2.0245E+15,1.96806E+15,2.03096E+15,1.96806E+15,2.03095E+15,1.7992E+15,1.86209E+15,1.7992E+15,1.86209E+15,1.95583E+15,1.95583E+15,1.96228E+15,1.79342E+15,2.01026E+15,2.01026E+15,2.01671E+15,1.84785E+15
2.26E-08,1.80401E+15,1.95791E+15,1.80959E+15,1.96348E+15,1.87157E+15,2.02546E+15,1.95791E+15,1.80958E+15,1.96348E+15,1.87157E+15,2.02546E+15,1.97008E+15,2.03207E+15,1.97008E+15,2.03207E+15,1.80959E+15,1.87157E+15,1.80958E+15,1.87157E+15,1.95814E+15,1.95814E+15,1.96474E+15,1.80425E+15,2.01054E+15,2.01054E+15,2.01714E+15,1.85664E+15
2.27E-08,1.81447E+15,1.96021E+15,1.81966E+15,1.9654E+15,1.88089E+15,2.02664E+15,1.96021E+15,1.81965E+15,1.9654E+15,1.88089E+15,2.02664E+15,1.97215E+15,2.03339E+15,1.97215E+15,2.03339E+15,1.81966E+15,1.88089E+15,1.81965E+15,1.88089E+15,1.96046E+15,1.96046E+15,1.96721E+15,1.81471E+15,2.0111E+15,2.0111E+15,2.01785E+15,1.86536E+15
2.29E-08,1.83434E+15,1.96485E+15,1.83888E+15,1.96939E+15,1.89904E+15,2.02955E+15,1.96485E+15,1.83888E+15,1.96939E+15,1.89903E+15,2.02955E+15,1.97639E+15,2.03655E+15,1.97639E+15,2.03655E+15,1.83888E+15,1.89904E+15,1.83888E+15,1.89903E+15,1.96514E+15,1.96514E+15,1.97214E+15,1.83462E+15,2.013E+15,2.013E+15,2.02E+15,1.88248E+15
2.30E-08,1.84378E+15,1.96718E+15,1.84804E+15,1.97145E+15,1.90784E+15,2.03124E+15,1.96719E+15,1.84804E+15,1.97145E+15,1.90783E+15,2.03124E+15,1.97856E+15,2.03835E+15,1.97856E+15,2.03835E+15,1.84804E+15,1.90784E+15,1.84804E+15,1.90783E+15,1.96749E+15,1.96749E+15,1.97461E+15,1.84409E+15,2.01427E+15,2.01427E+15,2.02138E+15,1.89086E+15
2.31E-08,1.85291E+15,1.96953E+15,1.85693E+15,1.97354E+15,1.91645E+15,2.03306E+15,1.96953E+15,1.85693E+15,1.97354E+15,1.91645E+15,2.03306E+15,1.98075E+15,2.04027E+15,1.98075E+15,2.04027E+15,1.85693E+15,1.91645E+15,1.85693E+15,1.91645E+15,1.96985E+15,1.96985E+15,1.97707E+15,1.85324E+15,2.01572E+15,2.01572E+15,2.02294E+15,1.89911E+15
2.32E-08,1.86175E+15,1.97188E+15,1.86553E+15,1.97567E+15,1.92486E+15,2.035E+15,1.97188E+15,1.86553E+15,1.97567E+15,1.92486E+15,2.035E+15,1.98296E+15,2.0423E+15,1.98296E+15,2.0423E+15,1.86553E+15,1.92486E+15,1.86553E+15,1.92486E+15,1.97223E+15,1.97223E+15,1.97953E+15,1.8621E+15,2.01734E+15,2.01734E+15,2.02464E+15,1.90721E+15
2.33E-08,1.87029E+15,1.97424E+15,1.87387E+15,1.97782E+15,1.93309E+15,2.03704E+15,1.97424E+15,1.87387E+15,1.97782E+15,1.93309E+15,2.03704E+15,1.98519E+15,2.04441E+15,1.98519E+15,2.04441E+15,1.87387E+15,1.93309E+15,1.87387E+15,1.93309E+15,1.97461E+15,1.97461E+15,1.98198E+15,1.87066E+15,2.01911E+15,2.01911E+15,2.02648E+15,1.91516E+15
2.35E-08,1.88654E+15,1.97898E+15,1.88979E+15,1.98223E+15,1.94895E+15,2.04139E+15,1.97898E+15,1.88979E+15,1.98223E+15,1.94895E+15,2.04139E+15,1.98969E+15,2.04885E+15,1.98969E+15,2.04885E+15,1.88979E+15,1.94895E+15,1.88979E+15,1.94895E+15,1.9794E+15,1.9794E+15,1.98687E+15,1.88697E+15,2.02302E+15,2.02302E+15,2.03049E+15,1.93058E+15
2.36E-08,1.89427E+15,1.98137E+15,1.89739E+15,1.98449E+15,1.95659E+15,2.04369E+15,1.98137E+15,1.89739E+15,1.98449E+15,1.95659E+15,2.0437E+15,1.99198E+15,2.05119E+15,1.99198E+15,2.05119E+15,1.89739E+15,1.95659E+15,1.89739E+15,1.95659E+15,1.98183E+15,1.98183E+15,1.98932E+15,1.89473E+15,2.02515E+15,2.02515E+15,2.03264E+15,1.93805E+15
2.37E-08,1.90175E+15,1.98377E+15,1.90475E+15,1.98677E+15,1.96404E+15,2.04607E+15,1.98377E+15,1.90475E+15,1.98677E+15,1.96404E+15,2.04607E+15,1.99427E+15,2.05356E+15,1.99427E+15,2.05356E+15,1.90475E+15,1.96404E+15,1.90475E+15,1.96404E+15,1.98426E+15,1.98426E+15,1.99176E+15,1.90224E+15,2.02738E+15,2.02738E+15,2.03488E+15,1.94535E+15
2.38E-08,1.90899E+15,1.98616E+15,1.9119E+15,1.98907E+15,1.97122E+15,2.04839E+15,1.98616E+15,1.9119E+15,1.98907E+15,1.97122E+15,2.04839E+15,1.99656E+15,2.05588E+15,1.99656E+15,2.05588E+15,1.9119E+15,1.97122E+15,1.9119E+15,1.97122E+15,1.98668E+15,1.98668E+15,1.99417E+15,1.90951E+15,2.02967E+15,2.02967E+15,2.03716E+15,1.95249E+15
2.40E-08,1.92277E+15,1.99094E+15,1.92555E+15,1.99372E+15,1.97631E+15,2.04448E+15,1.99094E+15,1.92555E+15,1.99372E+15,1.97631E+15,2.04448E+15,2.00114E+15,2.0519E+15,2.00114E+15,2.0519E+15,1.92555E+15,1.97631E+15,1.92555E+15,1.97631E+15,1.99153E+15,1.99153E+15,1.99895E+15,1.92336E+15,2.03446E+15,2.03446E+15,2.04188E+15,1.96629E+15
2.41E-08,1.92933E+15,1.99333E+15,1.93208E+15,1.99608E+15,1.97863E+15,2.04263E+15,1.99333E+15,1.93208E+15,1.99608E+15,1.97863E+15,2.04263E+15,2.00344E+15,2.04999E+15,2.00344E+15,2.04999E+15,1.93208E+15,1.97863E+15,1.93208E+15,1.97863E+15,1.99396E+15,1.99396E+15,2.00132E+15,1.92996E+15,2.03696E+15,2.03696E+15,2.04432E+15,1.97295E+15
2.43E-08,1.94182E+15,1.99811E+15,1.94458E+15,2.00087E+15,1.98327E+15,2.03956E+15,1.99811E+15,1.94458E+15,2.00087E+15,1.98327E+15,2.03956E+15,2.00806E+15,2.04675E+15,2.00806E+15,2.04675E+15,1.94458E+15,1.98327E+15,1.94458E+15,1.98327E+15,1.99883E+15,1.99883E+15,2.00602E+15,1.94254E+15,2.04209E+15,2.04209E+15,2.04928E+15,1.98581E+15
2.44E-08,1.94777E+15,2.00049E+15,1.95057E+15,2.00329E+15,1.9856E+15,2.03832E+15,2.00049E+15,1.95057E+15,2.00329E+15,1.9856E+15,2.03832E+15,2.01037E+15,2.0454E+15,2.01037E+15,2.0454E+15,1.95057E+15,1.9856E+15,1.95057E+15,1.9856E+15,2.00125E+15,2.00125E+15,2.00833E+15,1.94853E+15,2.04473E+15,2.04473E+15,2.05181E+15,1.99201E+15
2.46E-08,1.9591E+15,2.00522E+15,1.96205E+15,2.00818E+15,1.99027E+15,2.03639E+15,2.00522E+15,1.96205E+15,2.00818E+15,1.99027E+15,2.03639E+15,2.015E+15,2.04321E+15,2.01499E+15,2.04321E+15,1.96205E+15,1.99027E+15,1.96205E+15,1.99027E+15,2.00609E+15,2.00609E+15,2.01291E+15,1.95997E+15,2.05012E+15,2.05012E+15,2.05693E+15,2.00399E+15
2.47E-08,1.96449E+15,2.00758E+15,1.96756E+15,2.01065E+15,1.99261E+15,2.03569E+15,2.00758E+15,1.96756E+15,2.01065E+15,1.99261E+15,2.03569E+15,2.01731E+15,2.04235E+15,2.01731E+15,2.04235E+15,1.96756E+15,1.99261E+15,1.96756E+15,1.99261E+15,2.0085E+15,2.0085E+15,2.01516E+15,1.96541E+15,2.05286E+15,2.05286E+15,2.05952E+15,2.00977E+15
2.49E-08,1.97476E+15,2.01224E+15,1.97815E+15,2.01563E+15,1.9973E+15,2.03477E+15,2.01224E+15,1.97815E+15,2.01563E+15,1.9973E+15,2.03477E+15,2.02194E+15,2.04109E+15,2.02194E+15,2.04109E+15,1.97815E+15,1.9973E+15,1.97815E+15,1.9973E+15,2.01328E+15,2.01328E+15,2.0196E+15,1.97581E+15,2.05842E+15,2.05842E+15,2.06473E+15,2.02094E+15
2.50E-08,1.97966E+15,2.01455E+15,1.98325E+15,2.01814E+15,1.99965E+15,2.03454E+15,2.01455E+15,1.98325E+15,2.01814E+15,1.99965E+15,2.03454E+15,2.02426E+15,2.04066E+15,2.02426E+15,2.04066E+15,1.98325E+15,1.99965E+15,1.98325E+15,1.99965E+15,2.01565E+15,2.01565E+15,2.02178E+15,1.98076E+15,2.06122E+15,2.06123E+15,2.06735E+15,2.02634E+15
2.52E-08,1.98898E+15,2.01911E+15,1.99304E+15,2.02317E+15,2.00436E+15,2.03448E+15,2.01911E+15,1.99304E+15,2.02317E+15,2.00436E+15,2.03448E+15,2.02888E+15,2.0402E+15,2.02888E+15,2.0402E+15,1.99304E+15,2.00436E+15,1.99304E+15,2.00436E+15,2.02034E+15,2.02034E+15,2.02605E+15,1.99021E+15,2.06689E+15,2.06689E+15,2.0726E+15,2.03676E+15
2.54E-08,1.99772E+15,2.02359E+15,2.00234E+15,2.02821E+15,2.0091E+15,2.03496E+15,2.02359E+15,2.00234E+15,2.02821E+15,2.0091E+15,2.03496E+15,2.03348E+15,2.04023E+15,2.03348E+15,2.04023E+15,2.00234E+15,2.0091E+15,2.00234E+15,2.0091E+15,2.02496E+15,2.02496E+15,2.03023E+15,1.99909E+15,2.06981E+15,2.06981E+15,2.07507E+15,2.04394E+15
2.55E-08,2.00189E+15,2.0258E+15,2.00679E+15,2.0307E+15,2.0115E+15,2.03541E+15,2.0258E+15,2.00679E+15,2.0307E+15,2.0115E+15,2.03541E+15,2.03573E+15,2.04045E+15,2.03573E+15,2.04045E+15,2.00679E+15,2.0115E+15,2.00679E+15,2.0115E+15,2.02723E+15,2.02723E+15,2.03227E+15,2.00333E+15,2.07069E+15,2.0707E+15,2.07573E+15,2.04679E+15
2.57E-08,2.00985E+15,2.03015E+15,2.01487E+15,2.03517E+15,2.01684E+15,2.03714E+15,2.03015E+15,2.01487E+15,2.03517E+15,2.01684E+15,2.03714E+15,2.03972E+15,2.0417E+15,2.03972E+15,2.0417E+15,2.01487E+15,2.01684E+15,2.01487E+15,2.01684E+15,2.03172E+15,2.03172E+15,2.03628E+15,2.01142E+15,2.07284E+15,2.07284E+15,2.0774E+15,2.05254E+15
2.59E-08,2.01735E+15,2.03443E+15,2.02038E+15,2.03745E+15,2.02436E+15,2.04144E+15,2.03443E+15,2.02038E+15,2.03745E+15,2.02436E+15,2.04144E+15,2.04151E+15,2.0455E+15,2.04151E+15,2.0455E+15,2.02038E+15,2.02436E+15,2.02038E+15,2.02436E+15,2.03613E+15,2.03613E+15,2.04019E+15,2.01905E+15,2.07543E+15,2.07543E+15,2.07949E+15,2.05836E+15
2.61E-08,2.02444E+15,2.03863E+15,2.02515E+15,2.03935E+15,2.03227E+15,2.04646E+15,2.03863E+15,2.02515E+15,2.03935E+15,2.03227E+15,2.04646E+15,2.04291E+15,2.05002E+15,2.04291E+15,2.05002E+15,2.02515E+15,2.03227E+15,2.02515E+15,2.03227E+15,2.04045E+15,2.04045E+15,2.04401E+15,2.02626E+15,2.07841E+15,2.07841E+15,2.08197E+15,2.06422E+15
2.63E-08,2.03115E+15,2.04277E+15,2.02983E+15,2.04145E+15,2.03994E+15,2.05156E+15,2.04277E+15,2.02983E+15,2.04145E+15,2.03994E+15,2.05156E+15,2.04451E+15,2.05461E+15,2.04451E+15,2.05461E+15,2.02983E+15,2.03994E+15,2.02983E+15,2.03994E+15,2.0447E+15,2.0447E+15,2.04776E+15,2.03309E+15,2.08173E+15,2.08173E+15,2.08479E+15,2.07011E+15
2.65E-08,2.03755E+15,2.04686E+15,2.03448E+15,2.04379E+15,2.04734E+15,2.05665E+15,2.04686E+15,2.03448E+15,2.04379E+15,2.04734E+15,2.05665E+15,2.04636E+15,2.05922E+15,2.04636E+15,2.05922E+15,2.03448E+15,2.04734E+15,2.03448E+15,2.04734E+15,2.04889E+15,2.04889E+15,2.05146E+15,2.03958E+15,2.08532E+15,2.08532E+15,2.08789E+15,2.07601E+15
2.67E-08,2.04366E+15,2.05092E+15,2.0391E+15,2.04635E+15,2.05448E+15,2.06174E+15,2.05092E+15,2.0391E+15,2.04635E+15,2.05448E+15,2.06174E+15,2.04843E+15,2.06382E+15,2.04843E+15,2.06382E+15,2.0391E+15,2.05448E+15,2.0391E+15,2.05448E+15,2.05303E+15,2.05303E+15,2.05511E+15,2.04577E+15,2.08915E+15,2.08915E+15,2.09123E+15,2.08189E+15
2.69E-08,2.04953E+15,2.05494E+15,2.04369E+15,2.0491E+15,2.06138E+15,2.0668E+15,2.05494E+15,2.04369E+15,2.0491E+15,2.06138E+15,2.0668E+15,2.05071E+15,2.06841E+15,2.05071E+15,2.06841E+15,2.04369E+15,2.06138E+15,2.04369E+15,2.06138E+15,2.05713E+15,2.05713E+15,2.05874E+15,2.05171E+15,2.09316E+15,2.09316E+15,2.09477E+15,2.08774E+15
2.71E-08,2.05518E+15,2.05895E+15,2.04825E+15,2.05201E+15,2.06806E+15,2.07183E+15,2.05895E+15,2.04825E+15,2.05202E+15,2.06806E+15,2.07183E+15,2.05317E+15,2.07299E+15,2.05317E+15,2.07299E+15,2.04825E+15,2.06806E+15,2.04825E+15,2.06806E+15,2.06119E+15,2.06119E+15,2.06235E+15,2.05743E+15,2.09731E+15,2.09731E+15,2.09847E+15,2.09355E+15
2.74E-08,2.06333E+15,2.06494E+15,2.05504E+15,2.05666E+15,2.07769E+15,2.0793E+15,2.06494E+15,2.05504E+15,2.05666E+15,2.07769E+15,2.07931E+15,2.05718E+15,2.07982E+15,2.05718E+15,2.07982E+15,2.05504E+15,2.07769E+15,2.05504E+15,2.07769E+15,2.06726E+15,2.06726E+15,2.06778E+15,2.06564E+15,2.10374E+15,2.10374E+15,2.10426E+15,2.10213E+15
2.76E-08,2.06856E+15,2.06893E+15,2.05953E+15,2.0599E+15,2.08387E+15,2.08423E+15,2.06893E+15,2.05953E+15,2.0599E+15,2.08387E+15,2.08423E+15,2.06002E+15,2.08436E+15,2.06002E+15,2.08436E+15,2.05953E+15,2.08387E+15,2.05953E+15,2.08387E+15,2.07128E+15,2.07128E+15,2.0714E+15,2.07092E+15,2.10811E+15,2.10811E+15,2.10824E+15,2.10775E+15
2.79E-08,2.07617E+15,2.0749E+15,2.0662E+15,2.06494E+15,2.09281E+15,2.09154E+15,2.0749E+15,2.0662E+15,2.06494E+15,2.09281E+15,2.09154E+15,2.0662E+15,2.09281E+15,2.0662E+15,2.09281E+15,2.0645E+15,2.09111E+15,2.0645E+15,2.09111E+15,2.0773E+15,2.0773E+15,2.07856E+15,2.07687E+15,2.11475E+15,2.11475E+15,2.11601E+15,2.11432E+15
2.81E-08,2.08109E+15,2.07888E+15,2.0706E+15,2.06839E+15,2.09856E+15,2.09635E+15,2.07888E+15,2.0706E+15,2.06839E+15,2.09856E+15,2.09635E+15,2.0706E+15,2.09856E+15,2.0706E+15,2.09856E+15,2.06762E+15,2.09558E+15,2.06762E+15,2.09558E+15,2.0813E+15,2.0813E+15,2.08351E+15,2.08053E+15,2.1192E+15,2.1192E+15,2.12141E+15,2.11843E+15
2.84E-08,2.08829E+15,2.08484E+15,2.07714E+15,2.07369E+15,2.10691E+15,2.10346E+15,2.08484E+15,2.07714E+15,2.0737E+15,2.10691E+15,2.10346E+15,2.07714E+15,2.10691E+15,2.07714E+15,2.10691E+15,2.07246E+15,2.10223E+15,2.07246E+15,2.10223E+15,2.08729E+15,2.08729E+15,2.09074E+15,2.08605E+15,2.12587E+15,2.12587E+15,2.12932E+15,2.12463E+15
2.87E-08,2.09528E+15,2.09079E+15,2.08359E+15,2.0791E+15,2.11495E+15,2.11046E+15,2.09079E+15,2.08359E+15,2.0791E+15,2.11494E+15,2.11046E+15,2.08359E+15,2.11495E+15,2.08359E+15,2.11494E+15,2.07745E+15,2.10881E+15,2.07745E+15,2.10881E+15,2.09326E+15,2.09326E+15,2.09775E+15,2.09161E+15,2.13251E+15,2.13251E+15,2.137E+15,2.13086E+15
2.89E-08,2.09984E+15,2.09474E+15,2.08784E+15,2.08274E+15,2.12014E+15,2.11504E+15,2.09474E+15,2.08784E+15,2.08275E+15,2.12014E+15,2.11505E+15,2.08784E+15,2.12014E+15,2.08784E+15,2.12014E+15,2.08085E+15,2.11315E+15,2.08085E+15,2.11315E+15,2.09722E+15,2.09722E+15,2.10231E+15,2.09532E+15,2.13691E+15,2.13691E+15,2.142E+15,2.13501E+15
2.92E-08,2.10652E+15,2.10065E+15,2.09413E+15,2.08825E+15,2.1277E+15,2.12182E+15,2.10065E+15,2.09413E+15,2.08825E+15,2.1277E+15,2.12182E+15,2.09413E+15,2.1277E+15,2.09413E+15,2.1277E+15,2.08603E+15,2.1196E+15,2.08603E+15,2.1196E+15,2.10313E+15,2.10313E+15,2.10901E+15,2.10091E+15,2.14344E+15,2.14344E+15,2.14931E+15,2.14121E+15
2.96E-08,2.11522E+15,2.10848E+15,2.1024E+15,2.09566E+15,2.13741E+15,2.13067E+15,2.10848E+15,2.1024E+15,2.09566E+15,2.13741E+15,2.13067E+15,2.1024E+15,2.13741E+15,2.1024E+15,2.13741E+15,2.09305E+15,2.12807E+15,2.09305E+15,2.12807E+15,2.11098E+15,2.11098E+15,2.11772E+15,2.10837E+15,2.15203E+15,2.15203E+15,2.15877E+15,2.14942E+15
2.99E-08,2.12153E+15,2.11428E+15,2.10845E+15,2.1012E+15,2.14439E+15,2.13714E+15,2.11428E+15,2.10845E+15,2.1012E+15,2.14439E+15,2.13714E+15,2.10845E+15,2.14439E+15,2.10845E+15,2.14439E+15,2.09836E+15,2.1343E+15,2.09836E+15,2.1343E+15,2.11678E+15,2.11678E+15,2.12403E+15,2.11395E+15,2.15833E+15,2.15833E+15,2.16558E+15,2.15549E+15
3.02E-08,2.12769E+15,2.12002E+15,2.11439E+15,2.10672E+15,2.15113E+15,2.14346E+15,2.12002E+15,2.11439E+15,2.10672E+15,2.15113E+15,2.14346E+15,2.11439E+15,2.15113E+15,2.11439E+15,2.15113E+15,2.10369E+15,2.14043E+15,2.10369E+15,2.14043E+15,2.12253E+15,2.12253E+15,2.1302E+15,2.1195E+15,2.16451E+15,2.16451E+15,2.17218E+15,2.16148E+15
3.06E-08,2.13568E+15,2.12757E+15,2.12213E+15,2.11402E+15,2.15979E+15,2.15168E+15,2.12757E+15,2.12213E+15,2.11402E+15,2.15979E+15,2.15168E+15,2.12213E+15,2.15979E+15,2.12213E+15,2.15979E+15,2.11079E+15,2.14844E+15,2.11079E+15,2.14844E+15,2.13008E+15,2.13008E+15,2.13818E+15,2.12684E+15,2.17257E+15,2.17257E+15,2.18067E+15,2.16933E+15
3.09E-08,2.1415E+15,2.13314E+15,2.12781E+15,2.11945E+15,2.16604E+15,2.15768E+15,2.13314E+15,2.12781E+15,2.11945E+15,2.16604E+15,2.15768E+15,2.12781E+15,2.16604E+15,2.12781E+15,2.16604E+15,2.1161E+15,2.15433E+15,2.1161E+15,2.15433E+15,2.13565E+15,2.13565E+15,2.14401E+15,2.1323E+15,2.17846E+15,2.17846E+15,2.18682E+15,2.1751E+15
3.13E-08,2.14904E+15,2.14044E+15,2.13519E+15,2.12659E+15,2.17407E+15,2.16546E+15,2.14044E+15,2.13519E+15,2.12659E+15,2.17407E+15,2.16546E+15,2.13519E+15,2.17407E+15,2.13519E+15,2.17407E+15,2.12312E+15,2.16199E+15,2.12312E+15,2.16199E+15,2.14295E+15,2.14295E+15,2.15155E+15,2.13948E+15,2.18611E+15,2.18611E+15,2.19471E+15,2.18264E+15
3.17E-08,2.15634E+15,2.14757E+15,2.14236E+15,2.13359E+15,2.18176E+15,2.17299E+15,2.14757E+15,2.14236E+15,2.13359E+15,2.18176E+15,2.17299E+15,2.14236E+15,2.18176E+15,2.14236E+15,2.18176E+15,2.13004E+15,2.16944E+15,2.13004E+15,2.16944E+15,2.15008E+15,2.15008E+15,2.15885E+15,2.14653E+15,2.19351E+15,2.19351E+15,2.20228E+15,2.18996E+15
3.22E-08,2.16511E+15,2.15625E+15,2.15102E+15,2.14215E+15,2.19093E+15,2.18206E+15,2.15625E+15,2.15102E+15,2.14215E+15,2.19093E+15,2.18206E+15,2.15102E+15,2.19093E+15,2.15102E+15,2.19093E+15,2.13855E+15,2.17846E+15,2.13855E+15,2.17846E+15,2.15876E+15,2.15876E+15,2.16762E+15,2.15516E+15,2.20244E+15,2.20244E+15,2.2113E+15,2.19884E+15
3.26E-08,2.17186E+15,2.16298E+15,2.15769E+15,2.14881E+15,2.19792E+15,2.18904E+15,2.16298E+15,2.15769E+15,2.14881E+15,2.19792E+15,2.18904E+15,2.15769E+15,2.19792E+15,2.15769E+15,2.19792E+15,2.14521E+15,2.18543E+15,2.14521E+15,2.18543E+15,2.16549E+15,2.16549E+15,2.17437E+15,2.16188E+15,2.2093E+15,2.2093E+15,2.21818E+15,2.20569E+15
3.31E-08,2.17996E+15,2.17113E+15,2.16573E+15,2.1569E+15,2.20624E+15,2.19741E+15,2.17113E+15,2.16573E+15,2.1569E+15,2.20624E+15,2.19741E+15,2.16573E+15,2.20624E+15,2.16573E+15,2.20624E+15,2.15332E+15,2.19383E+15,2.15332E+15,2.19383E+15,2.17363E+15,2.17363E+15,2.18246E+15,2.17005E+15,2.21753E+15,2.21753E+15,2.22636E+15,2.21395E+15
3.36E-08,2.18769E+15,2.17897E+15,2.17341E+15,2.1647E+15,2.21411E+15,2.20539E+15,2.17897E+15,2.17341E+15,2.1647E+15,2.21411E+15,2.20539E+15,2.17341E+15,2.21411E+15,2.17341E+15,2.21411E+15,2.16117E+15,2.20187E+15,2.16117E+15,2.20187E+15,2.18147E+15,2.18147E+15,2.19019E+15,2.17794E+15,2.22537E+15,2.22538E+15,2.23409E+15,2.22185E+15
3.42E-08,2.19648E+15,2.18796E+15,2.18219E+15,2.17366E+15,2.223E+15,2.21447E+15,2.18796E+15,2.18219E+15,2.17366E+15,2.223E+15,2.21447E+15,2.18219E+15,2.223E+15,2.18219E+15,2.223E+15,2.17023E+15,2.21104E+15,2.17023E+15,2.21104E+15,2.19045E+15,2.19045E+15,2.19897E+15,2.18702E+15,2.23428E+15,2.23428E+15,2.24281E+15,2.23085E+15
3.48E-08,2.20476E+15,2.19648E+15,2.19047E+15,2.18219E+15,2.23129E+15,2.22301E+15,2.19648E+15,2.19047E+15,2.18219E+15,2.23129E+15,2.22302E+15,2.19047E+15,2.23129E+15,2.19047E+15,2.23129E+15,2.17887E+15,2.2197E+15,2.17887E+15,2.2197E+15,2.19897E+15,2.19897E+15,2.20725E+15,2.19565E+15,2.24265E+15,2.24265E+15,2.25093E+15,2.23934E+15
3.54E-08,2.21254E+15,2.20455E+15,2.19827E+15,2.19028E+15,2.23903E+15,2.23103E+15,2.20454E+15,2.19827E+15,2.19027E+15,2.23903E+15,2.23103E+15,2.19827E+15,2.23903E+15,2.19827E+15,2.23903E+15,2.18709E+15,2.22785E+15,2.18709E+15,2.22785E+15,2.20703E+15,2.20702E+15,2.21502E+15,2.20384E+15,2.25049E+15,2.25048E+15,2.25848E+15,2.2473E+15
3.61E-08,2.22101E+15,2.21336E+15,2.20678E+15,2.19914E+15,2.24737E+15,2.23973E+15,2.21336E+15,2.20678E+15,2.19914E+15,2.24737E+15,2.23973E+15,2.20678E+15,2.24737E+15,2.20678E+15,2.24737E+15,2.19613E+15,2.23671E+15,2.19613E+15,2.23671E+15,2.21583E+15,2.21583E+15,2.22348E+15,2.21282E+15,2.25897E+15,2.25897E+15,2.26661E+15,2.25595E+15
3.68E-08,2.22882E+15,2.22156E+15,2.21467E+15,2.2074E+15,2.255E+15,2.24774E+15,2.22156E+15,2.21467E+15,2.2074E+15,2.255E+15,2.24774E+15,2.21467E+15,2.255E+15,2.21467E+15,2.255E+15,2.20457E+15,2.2449E+15,2.20457E+15,2.2449E+15,2.22402E+15,2.22402E+15,2.23128E+15,2.22118E+15,2.26675E+15,2.26675E+15,2.27401E+15,2.26391E+15
3.76E-08,2.237E+15,2.23019E+15,2.22295E+15,2.21613E+15,2.2629E+15,2.25609E+15,2.23019E+15,2.22295E+15,2.21613E+15,2.2629E+15,2.25609E+15,2.22295E+15,2.2629E+15,2.22295E+15,2.2629E+15,2.2135E+15,2.25345E+15,2.2135E+15,2.25345E+15,2.23264E+15,2.23264E+15,2.23945E+15,2.23E+15,2.27484E+15,2.27484E+15,2.28166E+15,2.2722E+15
3.85E-08,2.2453E+15,2.23898E+15,2.23139E+15,2.22507E+15,2.27082E+15,2.26451E+15,2.23898E+15,2.23139E+15,2.22507E+15,2.27082E+15,2.26451E+15,2.23139E+15,2.27082E+15,2.23139E+15,2.27082E+15,2.22266E+15,2.26209E+15,2.22266E+15,2.26209E+15,2.24142E+15,2.24142E+15,2.24774E+15,2.23901E+15,2.28295E+15,2.28295E+15,2.28927E+15,2.28053E+15
3.95E-08,2.25347E+15,2.24769E+15,2.23975E+15,2.23398E+15,2.27849E+15,2.27272E+15,2.24769E+15,2.23975E+15,2.23398E+15,2.27849E+15,2.27272E+15,2.23975E+15,2.27849E+15,2.23975E+15,2.27849E+15,2.23179E+15,2.27054E+15,2.23179E+15,2.27054E+15,2.25012E+15,2.25012E+15,2.25589E+15,2.24794E+15,2.29082E+15,2.29082E+15,2.29659E+15,2.28863E+15
4.05E-08,2.26061E+15,2.25536E+15,2.24712E+15,2.24187E+15,2.28507E+15,2.27981E+15,2.25536E+15,2.24712E+15,2.24187E+15,2.28507E+15,2.27981E+15,2.24712E+15,2.28507E+15,2.24712E+15,2.28507E+15,2.2399E+15,2.27785E+15,2.2399E+15,2.27785E+15,2.25777E+15,2.25777E+15,2.26303E+15,2.25581E+15,2.29756E+15,2.29756E+15,2.30282E+15,2.2956E+15
4.17E-08,2.26797E+15,2.26329E+15,2.25479E+15,2.25011E+15,2.29166E+15,2.28698E+15,2.26329E+15,2.25479E+15,2.25011E+15,2.29166E+15,2.28698E+15,2.25479E+15,2.29166E+15,2.25479E+15,2.29166E+15,2.24838E+15,2.28525E+15,2.24838E+15,2.28525E+15,2.26568E+15,2.26568E+15,2.27036E+15,2.26395E+15,2.30431E+15,2.30431E+15,2.309E+15,2.30259E+15
4.31E-08,2.27505E+15,2.27097E+15,2.26231E+15,2.25823E+15,2.29774E+15,2.29365E+15,2.27097E+15,2.26231E+15,2.25823E+15,2.29774E+15,2.29365E+15,2.26231E+15,2.29774E+15,2.26231E+15,2.29774E+15,2.25674E+15,2.29217E+15,2.25674E+15,2.29217E+15,2.27334E+15,2.27334E+15,2.27742E+15,2.27185E+15,2.31055E+15,2.31055E+15,2.31463E+15,2.30906E+15
4.46E-08,2.28108E+15,2.27756E+15,2.26889E+15,2.26536E+15,2.30258E+15,2.29905E+15,2.27756E+15,2.26889E+15,2.26536E+15,2.30258E+15,2.29905E+15,2.26889E+15,2.30258E+15,2.26889E+15,2.30258E+15,2.26409E+15,2.29778E+15,2.26409E+15,2.29778E+15,2.27989E+15,2.27989E+15,2.28342E+15,2.27862E+15,2.31555E+15,2.31555E+15,2.31908E+15,2.31428E+15
4.64E-08,2.28651E+15,2.28355E+15,2.2751E+15,2.27213E+15,2.30641E+15,2.30344E+15,2.28355E+15,2.2751E+15,2.27213E+15,2.30641E+15,2.30344E+15,2.2751E+15,2.30641E+15,2.2751E+15,2.30641E+15,2.27108E+15,2.30239E+15,2.27108E+15,2.30239E+15,2.28583E+15,2.28583E+15,2.2888E+15,2.28478E+15,2.31967E+15,2.31967E+15,2.32264E+15,2.31861E+15
4.85E-08,2.29091E+15,2.28841E+15,2.28058E+15,2.27808E+15,2.30874E+15,2.30623E+15,2.28841E+15,2.28058E+15,2.27808E+15,2.30874E+15,2.30623E+15,2.28058E+15,2.30874E+15,2.28058E+15,2.30874E+15,2.2772E+15,2.30535E+15,2.2772E+15,2.30535E+15,2.29061E+15,2.29061E+15,2.29311E+15,2.28973E+15,2.32252E+15,2.32252E+15,2.32502E+15,2.32164E+15
5.11E-08,2.29407E+15,2.29199E+15,2.28533E+15,2.28324E+15,2.30908E+15,2.30699E+15,2.29199E+15,2.28533E+15,2.28324E+15,2.30908E+15,2.30699E+15,2.28533E+15,2.30908E+15,2.28533E+15,2.30908E+15,2.28252E+15,2.30627E+15,2.28252E+15,2.30627E+15,2.29405E+15,2.29405E+15,2.29613E+15,2.29332E+15,2.32327E+15,2.32327E+15,2.32535E+15,2.32254E+15
5.43E-08,2.29553E+15,2.29378E+15,2.28902E+15,2.28727E+15,2.30692E+15,2.30517E+15,2.29378E+15,2.28902E+15,2.28727E+15,2.30692E+15,2.30517E+15,2.28902E+15,2.30692E+15,2.28902E+15,2.30692E+15,2.28666E+15,2.30456E+15,2.28666E+15,2.30456E+15,2.29562E+15,2.29562E+15,2.29738E+15,2.29501E+15,2.31446E+15,2.31447E+15,2.31622E+15,2.31386E+15
5.85E-08,2.29509E+15,2.2936E+15,2.29163E+15,2.29013E+15,2.30232E+15,2.30083E+15,2.2936E+15,2.29163E+15,2.29013E+15,2.30232E+15,2.30083E+15,2.29163E+15,2.30232E+15,2.29163E+15,2.30232E+15,2.28962E+15,2.30031E+15,2.28962E+15,2.30031E+15,2.29515E+15,2.29515E+15,2.29664E+15,2.29463E+15,2.30528E+15,2.30528E+15,2.30677E+15,2.30476E+15
6.44E-08,2.29308E+15,2.29173E+15,2.29316E+15,2.29181E+15,2.29668E+15,2.29533E+15,2.29173E+15,2.29316E+15,2.29181E+15,2.29668E+15,2.29533E+15,2.29316E+15,2.29668E+15,2.29316E+15,2.29668E+15,2.29135E+15,2.29487E+15,2.29135E+15,2.29487E+15,2.29298E+15,2.29298E+15,2.29432E+15,2.29251E+15,2.2971E+15,2.2971E+15,2.29844E+15,2.29663E+15
7.37E-08,2.29058E+15,2.28929E+15,2.29175E+15,2.29047E+15,2.29398E+15,2.2927E+15,2.28929E+15,2.29175E+15,2.29047E+15,2.29398E+15,2.2927E+15,2.29175E+15,2.29398E+15,2.29175E+15,2.29398E+15,2.29002E+15,2.29226E+15,2.29002E+15,2.29226E+15,2.29032E+15,2.29032E+15,2.29161E+15,2.28988E+15,2.29127E+15,2.29127E+15,2.29256E+15,2.29083E+15
9.28E-08,2.28919E+15,2.28791E+15,2.29096E+15,2.28968E+15,2.29199E+15,2.29071E+15,2.28791E+15,2.29096E+15,2.28968E+15,2.29199E+15,2.29071E+15,2.29096E+15,2.29199E+15,2.29096E+15,2.29199E+15,2.28924E+15,2.29027E+15,2.28924E+15,2.29027E+15,2.28772E+15,2.28772E+15,2.289E+15,2.28728E+15,2.29111E+15,2.29111E+15,2.29239E+15,2.29067E+15
